artist,track,id
Katy Perry,Dark Horse,5jrdCoLpJSvHHorevXBATy
BTS,Butter,1mWdTewIgB3gtBM3TOSFhB
Conan Gray,Heather,4xqrdfXkTW4T0RauPLv3WA
Olivia Rodrigo,deja vu,6HU7h9RYOaPRFeh0R3UeAr
The Neighbourhood,Sweater Weather,2QjOHCTQ1Jl3zawyYOpxh6
James Bay,Let It Go,13HVjjWUZFaWilh2QUJKsP
Harry Styles,As It Was,4Dvkj6JhhA12EX05fT7y2e
The Weeknd,Blinding Lights,0VjIjW4GlUZAMYd2vXMi3b
Coldplay,Yellow,3AJwUDP919kvQ9QcozQPxg
Billie Eilish,lovely (with Khalid),0u2P5u6lvoDfwTYjAADbn4
Calvin Harris,One Kiss (with Dua Lipa),7ef4DlsgrMEH11cDZd32M6
J Balvin,LA CANCIÓN,0fea68AdmYNygeTGI4RC18
Eminem,Without Me,7lQ8MOhq6IN2w8EYcFNSUk
Coolio,Gangsta's Paradise,1DIXPcTDzTj8ZMHt3PDt8p
The Kid LAROI,STAY (with Justin Bieber),5HCyWlXZPP0y6Gqq8TgA20
Harry Styles,Watermelon Sugar,6UelLqGlWMcVH1E5c4H7lY
J. Cole,No Role Modelz,68Dni7IE4VyPkTOH9mRWHr
The Weeknd,Starboy,7MXVkk9YMctZqd1Srtv4MB
Sam Smith,I'm Not The Only One,7795WJLVKJoAyVoOtCWqXN
Doja Cat,Woman,6Uj1ctrBOjOas8xZXGqKk4
Arctic Monkeys,Do I Wanna Know?,5FVd6KXrgO9B3JPmC8OPst
Imagine Dragons,Believer,0pqnGHJpmpxLKifKRmU6WP
Glass Animals,Heat Waves,02MWAaffLxlfxAUY7c5dvx
Ed Sheeran,Bad Habits,3rmo8F54jFF8OgYsqTxm5d
Eminem,The Real Slim Shady,3yfqSUWxFvZELEM4PmlwIR
The Weeknd,Call Out My Name,09mEdoA6zrmBPgTEN5qXmN
Olivia Rodrigo,good 4 u,4ZtFanR9U6ndgddUvNcjcG
Bad Bunny,Yonaguni,2JPLbjOn0wPCngEot2STUS
Lewis Capaldi,Someone You Loved,7qEHsqek33rTcFNT9PFqLf
Ed Sheeran,Perfect,0tgVpDi06FyKpA1z0VMD4v
Post Malone,Circles,21jGcNKet2qwijlDFuPiPb
Bruno Mars,When I Was Your Man,0nJW01T7XtvILxQgC5J7Wh
The Weeknd,Save Your Tears,5QO79kh1waicV47BqGRL3g
Olivia Rodrigo,drivers license,5wANPM4fQCJwkGd4rN57mH
The Police,Every Breath You Take,1JSTJqkT5qHq8MDJnJbRE1
Eminem,Till I Collapse,4xkOaSrkexMciUUogZKVTS
Shawn Mendes,There's Nothing Holdin' Me Back,7JJmb5XwzOO8jgpou264Ml
Måneskin,Beggin',3Wrjm47oTz2sjIgck11l5e
Ed Sheeran,Shape of You,7qiZfU4dY1lWllzX7mPBI3
The Killers,Mr. Brightside,003vvx7Niy0yvhvHt4a68B
The Weeknd,The Hills,7fBv7CLKzipRk6EC6TWHOB
Bruno Mars,Locked out of Heaven,3w3y8KPTfNeOKPiqUTakBh
Coldplay,The Scientist,75JFxkI2RXiU7L9VXzMkle
Avicii,The Nights,0ct6r3EGTcMLPtrXHDvVjc
Radiohead,Creep,70LcF31zb1H0PyJoS1Sx1r
Drake,One Dance,1zi7xx7UVEFkmKfv06H8x0
a-ha,Take on Me,2WfaOiMkCvy7F5fcp2zZ8L
Billie Eilish,everything i wanted,3ZCTVFBt2Brf31RLEnCkWJ
Juice WRLD,Lucid Dreams,285pBltuF7vW8TeWk8hdRR
James Arthur,Say You Won't Let Go,5uCax9HTNlzGybIStD3vDh
Lil Nas X,INDUSTRY BABY (feat. Jack Harlow),27NovPIUIRrOZoCHxABJwK
Lil Baby,Drip Too Hard (Lil Baby & Gunna),78QR3Wp35dqAhFEc2qAGjE
AC/DC,Highway to Hell,2zYzyRzz6pRmhPzyfMEC8s
Linkin Park,In the End,60a0Rd6pjrkxjPbaKzXjfq
Justin Bieber,Peaches (feat. Daniel Caesar & Giveon),4iJyoBOLtHqaGxP12qzhQI
Avicii,Wake Me Up,0nrRP2bk19rLc0orkWPQk2
Maroon 5,Memories,4cktbXiXOapiLBMprHFErI
Alec Benjamin,Let Me Down Slowly,2qxmye6gAegTMjLKEBoR3d
The Chainsmokers,Something Just Like This,6RUKPb4LETWmmr3iAEQktW
Twenty One Pilots,Stressed Out,3CRDbSIZ4r5MsZ0YwxuEkn
Harry Styles,Adore You,3jjujdWJ72nww5eGnfs2E7
BTS,Dynamite,5QDLhrAOJJdNAmCTJ8xMyW
Ed Sheeran,Photograph,1HNkqx9Ahdgi1Ixy2xkKkL
John Legend,All of Me,3U4isOIWM3VvDubwSI3y7a
Imagine Dragons,Thunder,1zB4vmk8tFRmM9UULNzbLB
Bon Jovi,Livin' On A Prayer,37ZJ0p5Jm13JPevGcx4SkF
Post Malone,rockstar (feat. 21 Savage),0e7ipj03S05BNilyu5bRzt
Dua Lipa,Levitating (feat. DaBaby),5nujrmhLynf4yMoMtj8AQF
Coldplay,Viva La Vida,1mea3bSkSGXuIRvnydlB5b
Tame Impala,The Less I Know The Better,6K4t31amVTZDgR3sKmwUJJ
AC/DC,Back In Black,08mG3Y1vljYA6bvDt4Wqkj
The Chainsmokers,Closer,7BKLCZ1jbUBVqRi2FVlTVw
Ariana Grande,7 rings,6ocbgoVGwYJhOv1GgI9NsF
Travis Scott,goosebumps,6gBFPUFcJLzWGx4lenP6h2
Drake,God's Plan,6DCZcSspjsKoFjzjrWoCdn
Shawn Mendes,Treat You Better,3QGsuHI8jO1Rx4JWLUh9jd
Billie Eilish,bad guy,2Fxmhks0bxGSBdJ92vM42m
XXXTENTACION,Jocelyn Flores,7m9OqQk4RVRkw9JJdeAw96
Sam Smith,Stay With Me,5Nm9ERjJZ5oyfXZTECKmRt
Adele,Easy On Me,0gplL1WMoJ6iYaPgMCL0gX
Lady Gaga,Shallow,2VxeLyX666F8uXCJ0dZF8B
Eagles,Hotel California - 2013 Remaster,40riOy7x9W7GXjyGp4pjAv
Ariana Grande,positions,35mvY5S1H3J2QZyna3TFe0
The White Stripes,Seven Nation Army,3dPQuX8Gs42Y7b454ybpMR
Shakira,Hips Don't Lie (feat. Wyclef Jean),3ZFTkvIE7kyPt6Nu3PEa7V
Kendrick Lamar,HUMBLE.,7KXjTSCq5nL1LoYtL7XAwS
Justin Bieber,Love Yourself,50kpGaPAhYJ3sGmk6vplg0
Dr. Dre,Still D.R.E.,503OTo2dSqe7qk76rgsbep
Coldplay,Fix You,7LVHVU3tWfcxj5aiPFEW4Q
Harry Styles,Sign of the Times,5Ohxk2dO5COHF1krpoPigN
AC/DC,Thunderstruck,57bgtoPSgt236HzfBOd8kj
Ed Sheeran,Thinking out Loud,34gCuhDGsG4bRPIf9bb02f
Billie Eilish,when the party's over,43zdsphuZLzwA9k4DJhU0I
Juice WRLD,All Girls Are The Same,4VXIryQMWpIdGgYR4TrjT1
Tate McRae,you broke me first,45bE4HXI0AwGZXfZtMp8JR
Bruno Mars,That's What I Like,0KKkJNfGyhkQ5aFogxQAPU
Linkin Park,Numb,2nLtzopw4rPReszdYBJU6h
Foster The People,Pumped Up Kicks,7w87IxuO7BDcJ3YUqCyMTT
TOTO,Africa,2374M0fQpWi3dLnB54qaLX
DJ Snake,Let Me Love You,0lYBSQXN6rCTvUZvg9S0lU
Maroon 5,Maps,4gbVRS8gloEluzf0GzDOFc
Drake,Passionfruit,5mCPDVBb16L4XQwDdbRUpz
Lewis Capaldi,Before You Go,2gMXnyrvIjhVBUZwvLZDMP
Eminem,Godzilla (feat. Juice WRLD),7FIWs0pqAYbP91WWM0vlTQ
The Goo Goo Dolls,Iris,6Qyc6fS4DsZjB2mRW9DsQs
Mark Ronson,Uptown Funk (feat. Bruno Mars),32OlwWuMpZ6b0aN2RZOeMS
XXXTENTACION,SAD!,3ee8Jmje8o58CHK66QrVC2
Ariana Grande,One Last Time,7xoUc6faLbCqZO6fQEYprd
Marshmello,Happier,2dpaYNEQHiRxtZbfNsse99
Fleetwood Mac,Dreams - 2004 Remaster,0ofHAoxe9vBkTCp2UQIavz
Future,Mask Off,0VgkVdmE4gld66l8iyGjgx
Eminem,Love The Way You Lie,15JINEqzVMv3SvJTAXAKED
WALK THE MOON,Shut Up and Dance,4kbj5MwxO1bq9wjT5g9HaA
24kGoldn,Mood (feat. iann dior),4jPy3l0RUwlUI9T5XHBW2m
Journey,Don't Stop Believin',4bHsxqR3GMrXTxEPLuK5ue
Post Malone,Sunflower - Spider-Man: Into the Spider-Verse,3KkXRkHbMCARz0aVfEt68P
XXXTENTACION,Fuck Love (feat. Trippie Redd),7AQim7LbvFVZJE3O8TYgf2
Lil Uzi Vert,XO Tour Llif3,7GX5flRQZVHRAGd6B4TmDO
Powfu,death bed (coffee for your head),7eJMfftS33KTjuF7lTsMCx
Charlie Puth,Attention,5cF0dROlMOK5uNZtivgu50
Kendrick Lamar,All The Stars (with SZA),3GCdLUSnKSMJhs4Tj6CV3s
XXXTENTACION,Moonlight,0JP9xo3adEtGSdUEISiszL
"Earth, Wind & Fire",September,2grjqo0Frpf2okIBiifQKs
Lil Nas X,MONTERO (Call Me By Your Name),1SC5rEoYDGUK4NfG82494W
Travis Scott,SICKO MODE,2xLMifQCjDGFmkHkpNLD9h
Ava Max,Sweet but Psycho,7DnAm9FOTWE3cUvso43HhI
Bruno Mars,Just the Way You Are,7BqBn9nzAq8spo5e7cZ0dJ
Train,"Hey, Soul Sister",4HlFJV71xXKIGcU3kRyttv
Ariana Grande,"thank u, next",3e9HZxeyfWwjeyPAMmWSSQ
Red Hot Chili Peppers,Californication,48UPSzbZjgc449aqz8bxox
Macklemore & Ryan Lewis,Can't Hold Us (feat. Ray Dalton),3bidbhpOYeV4knp8AIu8Xn
Travis Scott,HIGHEST IN THE ROOM,3eekarcy7kvN4yt5ZFzltW
Offset,Ric Flair Drip (with Metro Boomin),7sO5G9EABYOXQKNPNiE9NR
Post Malone,Congratulations,3a1lNhkSLSkpJE4MSHpDu9
Juice WRLD,Robbery,6iaSML1PIYq936g62BDtBq
Twenty One Pilots,Ride,2Z8WuEywRWYTKe1NybPQEW
Wiz Khalifa,See You Again (feat. Charlie Puth),2JzZzZUQj3Qff7wapcbKjc
Rihanna,Needed Me,4pAl7FkDMNBsjykPXo91B3
Anne-Marie,2002,2BgEsaKNfHUdlh97KmvFyo
Red Hot Chili Peppers,Under the Bridge,3d9DChrdc6BOeFsbrZ3Is0
Shawn Mendes,Mercy,0AS63m1wHv9n4VVRizK6Hc
XXXTENTACION,Look At Me!,7floNISpH8VF4z4459Qo18
DNCE,Cake By The Ocean,76hfruVvmfQbw0eYn1nmeC
Post Malone,Wow.,7xQAfvXzm3AkraOtGPWIZg
Justin Bieber,Sorry,09CtPGIpYB4BrO8qb1RGsF
Twenty One Pilots,Heathens,6i0V12jOa3mr6uu4WYhUBr
French Montana,Unforgettable,3B54sVLJ402zGa6Xm4YGNe
MKTO,Classic,6FE2iI43OZnszFLuLtvvmg
Calvin Harris,This Is What You Came For,0azC730Exh71aQlOt9Zj3y
Dua Lipa,Don't Start Now,3PfIrDoz19wz7qK7tYeu62
Marshmello,Silence,7vGuf3Y35N4wmASOKLUVVU
Doja Cat,Kiss Me More (feat. SZA),748mdHapucXQri7IAO8yFK
Panic! At The Disco,High Hopes,1rqqCSm0Qe4I9rUvWncaom
Maroon 5,Sugar,2iuZJX9X9P0GKaE93xcPjk
Backstreet Boys,I Want It That Way,47BBI51FKFwOMlIiX6m8ya
Calvin Harris,Summer,6YUTL4dYpB9xZO5qExPf05
Dua Lipa,New Rules,2ekn2ttSfGqwhhate0LSR0
Pitbull,Timber (feat. Ke$ha),3cHyrEgdyYRjgJKSOiOtcS
5 Seconds of Summer,Youngblood,2iUXsYOEPhVqEBwsqP70rE
Roddy Ricch,The Box,0nbXyq5TXYPCO7pr3N8S4I
MAGIC!,Rude,6RtPijgfPKROxEzTHNRiDp
Avicii,Waiting For Love,2P4OICZRVAQcYAV2JReRfj
Jonas Brothers,Sucker,22vgEDb5hykfaTwLuskFGD
Pharrell Williams,"Happy - From ""Despicable Me 2""",60nZcImufyMA1MKQY3dcCH
Christina Perri,A Thousand Years,6lanRgr6wXibZr8KgzXxBl
Childish Gambino,Redbone,0WtDGnWL2KrMCk0mI1Gpwz
Bad Bunny,DÁKITI,4MzXwWMhyBbmu6hOcLVD49
Regard,Ride It,2tnVG71enUj33Ic2nFN6kZ
Camila Cabello,Havana (feat. Young Thug),1rfofaqEpACxVEHIZBJe6W
Shawn Mendes,Señorita,0TK2YIli7K1leLovkQiNik
Lukas Graham,7 Years,5kqIPrATaCc2LqxVWzQGbk
Lil Tecca,Ransom,1lOe9qE0vR9zwWQAOk6CoO
NF,Let You Down,52okn5MNA47tk87PeZJLEL
Cardi B,WAP (feat. Megan Thee Stallion),4Oun2ylbjFKMPTiaSbbCih
Khalid,Young Dumb & Broke,5Z3GHaZ6ec9bsiI5BenrbY
Luis Fonsi,Despacito,6habFhsOp2NvshLv26DqMb
Jason Mraz,I'm Yours,1EzrEOXmMH3G43AXT1y7pA
blackbear,hot girl bummer,6jRq8gaZhMUyy5RclRPcAf
Zedd,The Middle,09IStsImFySgyp0pIQdqAc
Vance Joy,Riptide,3JvrhDOgAt6p7K8mDyZwRd
Axwell /\ Ingrosso,More Than You Know,6h5PAsRni4IRlxWr6uDPTP
The Chainsmokers,Don't Let Me Down,1i1fxkWeaMmKEB4T7zqbzK
Dean Lewis,Be Alright,3EPXxR3ImUwfayaurPi3cm
Bad Bunny,Callaita,2TH65lNHgvLxCKXM3apjxI
Selena Gomez,Wolves,0tBbt8CrmxbjRP0pueQkyU
Dua Lipa,IDGAF,76cy1WJvNGJTj78UqeA5zr
DaBaby,ROCKSTAR (feat. Roddy Ricch),7ytR5pFWmSjzHJIeQkgog4
Bruno Mars,24K Magic,6b8Be6ljOzmkOmFslEb23P
Adele,Rolling in the Deep,1c8gk2PeTE04A1pIDH9YMk
Jessie J,Bang Bang,0puf9yIluy9W0vpMEUoAnN
Nirvana,Smells Like Teen Spirit,5ghIJDpPoe3CfHMGu71E6T
Travis Scott,BUTTERFLY EFFECT,2cYqizR4lgvp4Qu6IQ3qGN
Doja Cat,Say So,3Dv1eDb0MEgF93GpLXlucZ
Trevor Daniel,Falling,0Aqi7ArnBrGblW5T6p2jmD
Bad Bunny,MIA (feat. Drake),116H0KvKr2Zl4RPuVBruDO
Daddy Yankee,Con Calma,5w9c2J52mkdntKOmRLeM2m
Dynoro,In My Mind,0E9ZjEAyAwOXZ7wJC0PD33
Adele,Someone Like You,1zwMYTA5nlNjZxYrvBB2pV
Marshmello,FRIENDS,08bNPGLD8AhKpnnERrAc6G
Cardi B,I Like It,58q2HKrzhC3ozto2nDdN4z
Ellie Goulding,Love Me Like You Do,0Cy7wt6IlRfBPHXXjmZbcP
Martin Garrix,In the Name of Love,23L5CiUhw2jV1OIMwthR3S
ZAYN,Dusk Till Dawn (feat. Sia) - Radio Edit,3e7sxremeOE3wTySiOhGiP
Mariah Carey,All I Want for Christmas Is You,0bYg9bo50gSsH3LtXe2SQn
Don Omar,Danza Kuduro,2a1o6ZejUi8U3wzzOtCOYw
Masked Wolf,Astronaut In The Ocean,3Ofmpyhv5UAQ70mENzB277
Lil Nas X,Old Town Road - Remix,2YpeDb67231RjR0MgVLzsG
Lord Huron,The Night We Met,0QZ5yyl6B6utIWkxeBDxQN
Tones And I,Dance Monkey,2XU0oxnq2qxCpomAAuJY8K
Drake,Nice For What,3CA9pLiwRIGtUBiMjbZmRw
Alessia Cara,Scars To Your Beautiful,0wI7QkCcs8FUQE1OkXUIqd
Justin Bieber,What Do You Mean?,4B0JvthVoAAuygILe3n4Bs
Khalid,Better,6zeeWid2sgw4lap2jV61PZ
Snoop Dogg,"Young, Wild & Free (feat. Bruno Mars)",5HQVUIKwCEXpe7JIHyY734
Nio Garcia,Te Boté - Remix,3V8UKqhEK5zBkBb6d6ub8i
Arizona Zervas,ROXANNE,696DnlkuDOXcMAnKlTgXXK
Ariana Grande,no tears left to cry,2qT1uLXPVPzGgFOx4jtEuo
G-Eazy,"Me, Myself & I",40YcuQysJ0KlGQTeGUosTC
OneRepublic,Counting Stars,6sy3LkhNFjJWlaeSMNwQ62
Drake,Hotline Bling,0wwPcA6wtMf6HUMpIRdeP7
Halsey,Without Me,5p7ujcrUXASCNwRaWNHR1C
gnash,"i hate u, i love u (feat. olivia o'brien)",7vRriwrloYVaoAe3a9wJHe
ZAYN,PILLOWTALK,0PDUDa38GO8lMxLCRc4lL1
Martin Garrix,Scared to Be Lonely,3ebXMykcMXOcLeJ9xZ17XH
Future,Life Is Good (feat. Drake),5yY9lUy8nbvjM1Uyo1Uqoc
KAROL G,Tusa,7k4t7uLgtOxPwTpFmtJNTY
Logic,1-800-273-8255,5tz69p7tJuGPeMGwNTxYuV
Zara Larsson,Lush Life,1rIKgCH4H52lrvDcz50hS8
Portugal. The Man,Feel It Still,6QgjcU0zLnzq5OrUoSZ3OK
Internet Money,"Lemonade (feat. Gunna, Don Toliver & NAV)",7hxHWCCAIIxFLCzvDgnQHX
Danny Ocean,Me Rehúso,6De0lHrwBfPfrhorm9q1Xl
Hozier,Take Me to Church,1CS7Sd1u5tWkstBhpssyjP
Sam Smith,Dancing With A Stranger (with Normani),6Qs4SXO9dwPj5GKvVOv8Ki
Robin Schulz,Sugar (feat. Francesco Yates),5tf1VVWniHgryyumXyJM7w
DJ Snake,"Taki Taki (with Selena Gomez, Ozuna & Cardi B)",4w8niZpiMy6qz1mntFA5uM
Miley Cyrus,Party In The U.S.A.,5Q0Nhxo0l2bP3pNjpGJwV1
Gotye,Somebody That I Used To Know,4wCmqSrbyCgxEXROQE6vtV
Zedd,Stay,6uBhi9gBXWjanegOb2Phh0
Rihanna,Work,72TFWvU3wUYdUuxejTTIzt
Anuel AA,China,2ksOAxtIxY8yElEWw8RhgK
Demi Lovato,Sorry Not Sorry,0yvPEnB032fojLfVluFjUv
Maluma,Hawái,4uoR6qeWeuL4Qeu2qJzkuG
Sam Smith,Too Good At Goodbyes,3VlbOrM6nYPprVvzBZllE5
Shawn Mendes,Stitches,5jsw9uXEGuKyJzs0boZ1bT
Passenger,Let Her Go,1KxwZYyzWNyZSRyErj2ojT
Fifth Harmony,Work from Home (feat. Ty Dolla $ign),4tCtwWceOPWzenK2HAIJSb
benny blanco,Eastside (with Halsey & Khalid),0d2iYfpKoM0QCKvcLCkBao
Clean Bandit,Rockabye (feat. Sean Paul & Anne-Marie),5knuzwU65gJK7IF5yJsuaW
Hailee Steinfeld,Starving,4Ce37cRWvM1vIGGynKcs22
Imagine Dragons,Demons,3LlAyCYU26dvFZBDUIMb7a
Bebe Rexha,Meant to Be (feat. Florida Georgia Line),7iDa6hUg2VgEL1o1HjmfBn
Farruko,Pepas,2B4GHvToeLTOBB4QLzW3Ni
Julia Michaels,Issues,7vu0JkJh0ldukEYbTVcqd0
Clean Bandit,Symphony (feat. Zara Larsson),1x5sYLZiu9r5E43kMlt9f8
Tove Lo,Habits (Stay High),14OxJlLdcHNpgsm4DRwDOB
Pedro Capó,Calma - Remix,5iwz1NiezX7WWjnCgY5TH4
Maroon 5,She Will Be Loved,7sapKrjDij2fpDVj0GxP66
Milky Chance,Stolen Dance,6vECYJHxYmm3Ydt3fF01pE
Major Lazer,Lean On,1Lim1Py7xBgbAkAys3AGAG
Queen,Don't Stop Me Now - Remastered 2011,7hQJA50XrCWABAu5v6QZ4i
Justin Timberlake,"CAN'T STOP THE FEELING! (from DreamWorks Animation's ""TROLLS"")",1WkMMavIMc4JZ8cfMmxHkI
Lil Mosey,Blueberry Faygo,6wJYhPfqk3KGhHRG76WzOh
Mike Posner,I Took A Pill In Ibiza - Seeb Remix,1MtUq6Wp1eQ8PC6BbPCj8P
Adele,Hello,62PaSfnXSMyLshYJrlTuL3
Imagine Dragons,Radioactive,4G8gkOterJn0Ywt6uhqbhp
Bastille,Pompeii,3gbBpTdY8lnQwqxNCcf795
Tom Odell,Another Love,7otCGmgp9h4CsR2LhwB6gt
Alan Walker,Faded,7gHs73wELdeycvS48JfIos
Clean Bandit,Rather Be (feat. Jess Glynne),3s4U7OHV7gnj42VV72eSZ6
Queen,Another One Bites The Dust - Remastered 2011,57JVGBtBLCfHw2muk5416J
Oasis,Wonderwall,1qPbGZqppFwLwcBC1JQ6Vr
Luis Fonsi,Despacito - Remix,6rPO02ozF3bM7NnOV4h6s2
Tyga,Taste (feat. Offset),2toVe5hfuIi97ytDPDbQFt
Elton John,Cold Heart - PNAU Remix,7rglLriMNBPAyuJOMGwi39
Maroon 5,Payphone,1LmN9SSHISbtp9LoaR5ZVJ
The Chainsmokers,Paris,15vzANxN8G9wWfwAJLLMCg
Sia,Cheap Thrills,3S4px9f4lceWdKf0gWciFu
Desiigner,Panda,5YEOzOojehCqxGQCcQiyR4
J Balvin,Mi Gente,4ipnJyDU3Lq15qBAYNqlqK
Charlie Puth,We Don't Talk Anymore (feat. Selena Gomez),37FXw5QGFN7uwwsLy8uAc0
David Guetta,Titanium (feat. Sia),0lHAMNU8RGiIObScrsRgmP
Sia,Chandelier,2s1sdSqGcKxpPr5lCl7jAV
The Script,Hall of Fame (feat. will.i.am),1X1DWw2pcNZ8zSub3uhlNz
Major Lazer,Cold Water,7zsXy7vlHdItvUSH8EwQss
OMI,Cheerleader - Felix Jaehn Remix Radio Edit,023OVLNzXhX0j7CxswUt6D
Kygo,It Ain’t Me (with Selena Gomez),12GEpg2XOPyqk03JZEZnJs
ZAYN,I Don’t Wanna Live Forever (Fifty Shades Darker),2y5aJvzXhHPA94U5GFAcXe
Beyoncé,Halo,3ERa3mEeOnrh2Mc47qM6T1
Michael Jackson,Billie Jean,7J1uxwnxfQLu4APicE5Rnj
DJ Khaled,"I'm the One (feat. Justin Bieber, Quavo, Chance the Rapper & Lil Wayne)",1jYiIOC5d6soxkJP81fxq2
SAINt JHN,Roses - Imanbek Remix,2Wo6QQD1KMDWeFkkjLqwx5
Queen,Under Pressure,1mSClObliRtgPVT399COQH
Major Lazer,Light It Up - Remix,500mvzh7TRZ0YdnVeHhj8b
Lauv,I Like Me Better,0EcQcdcbQeVJn9fknj44Be
Kanye West,Stronger,1gudTcOiMosmCC6EKEzomI
Khalid,Location,1WIfWj5skn5UUZTs4cEFBe
Queen,Bohemian Rhapsody - 2011 Remaster,6AWe04n4zsYkGKb3Pf7LMk
The Weeknd,Can't Feel My Face,22VdIZQfgXJea34mQxlt81
Post Malone,Better Now,7dt6x5M1jzdTEt8oCbisTK
The Weeknd,I Feel It Coming,3dhjNA0jGA8vHBQ1VdD6vV
Ed Sheeran,Happier,2RttW7RAu5nOAfq6YFvApB
Post Malone,Goodbyes (feat. Young Thug),0t3ZvGKlmYmVsDzBJAXK8C
Post Malone,I Fall Apart,75ZvA4QfFiZvzhj2xkaWAh
XXXTENTACION,changes,7AFASza1mXqntmGtbxXprO
Ed Sheeran,Galway Girl,0afhq8XCExXpqazXczTSve
Ed Sheeran,Castle on the Hill,6PCUP3dWmTjcTtXY02oFdT
Post Malone,Psycho (feat. Ty Dolla $ign),3swc6WTsr7rl9DqQKQA55C
Ed Sheeran,I Don't Care (with Justin Bieber),3HVWdVOQ0ZA45FuZGSfvns
Eminem,"Lose Yourself - From ""8 Mile"" Soundtrack",5Z01UMMf7V1o0MzF86s6WJ
Ed Sheeran,Beautiful People (feat. Khalid),4evmHXcjt3bTUHD1cvny97
The Weeknd,Earned It (Fifty Shades Of Grey),4frLb7nWtsz2ymBE6k2GRP
Ariana Grande,Side To Side,43bCmCI0nSgcT7QdMXY6LV
Maroon 5,What Lovers Do (feat. SZA),2j5hsQvApottzvTn4pFJWF
Maroon 5,Girls Like You (feat. Cardi B) - Cardi B Version,6V1bu6o1Yo5ZXnsCJU8Ovk
